{"cameraMode":{"drawMode":0,"name":"Shaded","section":"Shading Mode"},"sceneLighting":false,"audioPlay":false,"sceneViewState":{"showFog":false,"showMaterialUpdate":false,"showSkybox":false,"showFlares":false,"showImageEffects":false,"showParticleSystems":false},"in2DMode":false,"pivot":{"x":42.24372482299805,"y":46.434478759765628,"z":-7.698146820068359},"rotation":{"x":-0.0752234235405922,"y":0.020039431750774385,"z":-0.0015118533046916128,"w":-0.9969645142555237},"size":1150.6246337890625,"orthographic":false}